<?xml version="1.0" encoding="utf-8"?>
<urlrewrite default-match-type="regex">
        <rule match-type="regex" >
            <!-- <condition type="request-uri" casesensitive="false" operator="notequal">^.*/api.*$</condition> -->
            <from>^/((?!api)[a-z]+)$</from>
            <to type="redirect">/AssetTool/#$1?%{query-string}</to>
        </rule>
        
        <outbound-rule encodefirst="true">
        <note>Remove jsessionid from embedded urls - for urls WITH query parameters</note>
        <from>^/(.*);jsessionid=.*[?](.*)$</from>
        <to encode="false">/$1?$2</to>
    </outbound-rule>


    <outbound-rule encodefirst="true">
        <note>Remove jsessionid from embedded urls - for urls WITHOUT query parameters</note>
        <from>^/(.*);jsessionid=.*[^?]$</from>
        <to encode="false">/$1</to>
    </outbound-rule>

</urlrewrite>